R1,R2,R3,ETriat,E,ENew
1.500000,1.611899,1.500000,64.128750,75.839025,73.378603
1.500000,1.611899,1.500000,64.128750,75.839025,73.378603
1.500000,1.667763,1.600000,62.001832,64.922580,62.422050
1.600000,1.667763,1.500000,62.001832,64.922580,62.422050
1.500000,1.727613,1.700000,59.880899,56.613992,54.158675
1.700000,1.727613,1.500000,59.880899,56.613992,54.158675
1.500000,1.791050,1.800000,57.651240,50.182527,47.836539
1.800000,1.791050,1.500000,57.651240,50.182527,47.836539
1.500000,1.857707,1.900000,55.390505,45.242844,43.032977
1.900000,1.857707,1.500000,55.390505,45.242844,43.032977
1.500000,1.927249,2.000000,53.104945,41.444734,39.368930
2.000000,1.927249,1.500000,53.104945,41.444734,39.368930
1.500000,1.963007,2.050000,51.871932,39.802744,37.788369
2.050000,1.963007,1.500000,51.871932,39.802744,37.788369
1.500000,1.999376,2.100000,50.664412,38.377358,36.419755
2.100000,1.999376,1.500000,50.664412,38.377358,36.419755
1.500000,2.036323,2.150000,49.448659,37.108518,35.203040
2.150000,2.036323,1.500000,49.448659,37.108518,35.203040
1.500000,2.073818,2.200000,48.264124,36.012144,34.154467
2.200000,2.073818,1.500000,48.264124,36.012144,34.154467
1.500000,2.111830,2.250000,47.087776,35.044208,33.230494
2.250000,2.111830,1.500000,47.087776,35.044208,33.230494
1.500000,2.150333,2.300000,45.919998,34.186396,32.413334
2.300000,2.150333,1.500000,45.919998,34.186396,32.413334
1.500000,2.189302,2.350000,44.758292,33.419607,31.684383
2.350000,2.189302,1.500000,44.758292,33.419607,31.684383
1.500000,2.228710,2.400000,43.585446,32.711920,31.012146
2.400000,2.228710,1.500000,43.585446,32.711920,31.012146
1.500000,2.268536,2.450000,42.334865,31.983744,30.317369
2.450000,2.268536,1.500000,42.334865,31.983744,30.317369
1.500000,2.308758,2.500000,40.975422,31.192491,29.557723
2.500000,2.308758,1.500000,40.975422,31.192491,29.557723
1.500000,2.349355,2.550000,39.481993,30.302951,28.698185
2.550000,2.349355,1.500000,39.481993,30.302951,28.698185
1.500000,2.390309,2.600000,37.925951,29.377628,27.801392
2.600000,2.390309,1.500000,37.925951,29.377628,27.801392
1.500000,2.473215,2.700000,34.926284,27.689678,26.166462
2.700000,2.473215,1.500000,34.926284,27.689678,26.166462
1.500000,2.557344,2.800000,32.017544,26.118194,24.643068
2.800000,2.557344,1.500000,32.017544,26.118194,24.643068
1.500000,2.642578,2.900000,29.277116,24.700916,23.269445
2.900000,2.642578,1.500000,29.277116,24.700916,23.269445
1.500000,2.728816,3.000000,26.737524,23.440104,22.048345
3.000000,2.728816,1.500000,26.737524,23.440104,22.048345
1.500000,2.815963,3.100000,24.412331,22.326614,20.971109
3.100000,2.815963,1.500000,24.412331,22.326614,20.971109
1.500000,2.903940,3.200000,22.305542,21.348038,20.025756
3.200000,2.903940,1.500000,22.305542,21.348038,20.025756
1.500000,2.992671,3.300000,20.415222,20.491424,19.199693
3.300000,2.992671,1.500000,20.415222,20.491424,19.199693
1.500000,3.082092,3.400000,18.735285,19.744363,18.480819
3.400000,3.082092,1.500000,18.735285,19.744363,18.480819
1.500000,3.262778,3.600000,15.966298,18.533102,17.320055
3.600000,3.262778,1.500000,15.966298,18.533102,17.320055
1.500000,3.445599,3.800000,13.895677,17.631099,16.463117
3.800000,3.445599,1.500000,13.895677,17.631099,16.463117
1.500000,3.630232,4.000000,12.398576,16.968148,15.843096
4.000000,3.630232,1.500000,12.398576,16.968148,15.843096
1.700000,1.826819,1.700000,57.991185,41.923409,39.511554
1.700000,1.826819,1.700000,57.991185,41.923409,39.511554
1.700000,1.882439,1.800000,57.305982,37.805048,35.504754
1.800000,1.882439,1.700000,57.305982,37.805048,35.504754
1.700000,1.941619,1.900000,53.713424,32.120100,29.949780
1.900000,1.941619,1.700000,53.713424,32.120100,29.949780
1.700000,2.004045,2.000000,51.435248,28.762025,26.715119
2.000000,2.004045,1.700000,51.435248,28.762025,26.715119
1.700000,2.036382,2.050000,50.308242,27.393483,25.402132
2.050000,2.036382,1.700000,50.308242,27.393483,25.402132
1.700000,2.069422,2.100000,49.190811,26.197542,24.257197
2.100000,2.069422,1.700000,49.190811,26.197542,24.257197
1.700000,2.103131,2.150000,48.078835,25.146938,23.253294
2.150000,2.103131,1.700000,48.078835,25.146938,23.253294
1.700000,2.137479,2.200000,46.947736,24.196553,22.345785
2.200000,2.137479,1.700000,46.947736,24.196553,22.345785
1.700000,2.172434,2.250000,45.637001,23.167663,21.356504
2.250000,2.172434,1.700000,45.637001,23.167663,21.356504
1.700000,2.207969,2.300000,44.513402,22.410915,20.636635
2.300000,2.207969,1.700000,44.513402,22.410915,20.636635
1.700000,2.244054,2.350000,43.409750,21.744862,20.005193
2.350000,2.244054,1.700000,43.409750,21.744862,20.005193
1.700000,2.280665,2.400000,42.325942,21.156824,19.449859
2.400000,2.280665,1.700000,42.325942,21.156824,19.449859
1.700000,2.317777,2.450000,41.256985,20.630719,18.954813
2.450000,2.317777,1.700000,41.256985,20.630719,18.954813
1.700000,2.355365,2.500000,40.134408,20.088314,18.442003
2.500000,2.355365,1.700000,40.134408,20.088314,18.442003
1.700000,2.393408,2.550000,38.520589,19.083398,17.465333
2.550000,2.393408,1.700000,38.520589,19.083398,17.465333
1.700000,2.431883,2.600000,37.012353,18.205232,16.614140
2.600000,2.431883,1.700000,37.012353,18.205232,16.614140
1.700000,2.510053,2.700000,34.185789,16.676469,15.135716
2.700000,2.510053,1.700000,34.185789,16.676469,15.135716
1.700000,2.589725,2.800000,31.446840,15.249804,13.754883
2.800000,2.589725,1.700000,31.446840,15.249804,13.754883
1.700000,2.670765,2.900000,28.864616,13.959875,12.506698
2.900000,2.670765,1.700000,28.864616,13.959875,12.506698
1.700000,2.753052,3.000000,26.466366,12.807283,11.392230
3.000000,2.753052,1.700000,26.466366,12.807283,11.392230
1.700000,2.836477,3.100000,24.263215,11.782910,10.402818
3.100000,2.836477,1.700000,24.263215,11.782910,10.402818
1.700000,2.920944,3.200000,22.258417,10.875247,9.527336
3.200000,2.920944,1.700000,22.258417,10.875247,9.527336
1.700000,3.006364,3.300000,20.450770,10.073137,8.754935
3.300000,3.006364,1.700000,20.450770,10.073137,8.754935
1.700000,3.092658,3.400000,18.835684,9.366294,8.075587
3.400000,3.092658,1.700000,18.835684,9.366294,8.075587
1.700000,3.267591,3.600000,16.151735,8.202355,6.961093
3.600000,3.267591,1.700000,16.151735,8.202355,6.961093
1.700000,3.445254,3.800000,14.122728,7.318910,6.122001
3.800000,3.445254,1.700000,14.122728,7.318910,6.122001
1.700000,3.625244,4.000000,12.594801,6.613836,5.459358
4.000000,3.625244,1.700000,12.594801,6.613836,5.459358
1.900000,2.041739,1.900000,51.416392,25.222286,23.271418
1.900000,2.041739,1.900000,51.416392,25.222286,23.271418
1.900000,2.097165,2.000000,49.305258,22.344029,20.503942
2.000000,2.097165,1.900000,49.305258,22.344029,20.503942
1.900000,2.126101,2.050000,48.249578,21.170647,19.380202
2.050000,2.126101,1.900000,48.249578,21.170647,19.380202
1.900000,2.155808,2.100000,47.192219,20.139118,18.394217
2.100000,2.155808,1.900000,47.192219,20.139118,18.394217
1.900000,2.186255,2.150000,46.143968,19.238802,17.535667
2.150000,2.186255,1.900000,46.143968,19.238802,17.535667
1.900000,2.217411,2.200000,45.109146,18.455196,16.790551
2.200000,2.217411,1.900000,45.109146,18.455196,16.790551
1.900000,2.249247,2.250000,44.087542,17.771564,16.142679
2.250000,2.249247,1.900000,44.087542,17.771564,16.142679
1.900000,2.281735,2.300000,43.073409,17.167662,15.572304
2.300000,2.281735,1.900000,43.073409,17.167662,15.572304
1.900000,2.314847,2.350000,42.050631,16.614672,15.051011
2.350000,2.314847,1.900000,42.050631,16.614672,15.051011
1.900000,2.348557,2.400000,40.994388,16.076649,14.543148
2.400000,2.348557,1.900000,40.994388,16.076649,14.543148
1.900000,2.382839,2.450000,39.980181,15.619362,14.114680
2.450000,2.382839,1.900000,39.980181,15.619362,14.114680
1.900000,2.417670,2.500000,38.910791,15.137067,13.659982
2.500000,2.417670,1.900000,38.910791,15.137067,13.659982
1.900000,2.453024,2.550000,37.363823,14.199907,12.749261
2.550000,2.453024,1.900000,37.363823,14.199907,12.749261
1.900000,2.488882,2.600000,35.996372,13.458424,12.033097
2.600000,2.488882,1.900000,35.996372,13.458424,12.033097
1.900000,2.562018,2.700000,33.268902,12.009010,10.631061
2.700000,2.562018,1.900000,33.268902,12.009010,10.631061
1.900000,2.636919,2.800000,30.651836,10.673883,9.339190
2.800000,2.636919,1.900000,30.651836,10.673883,9.339190
1.900000,2.713438,2.900000,28.196053,9.473943,8.178767
2.900000,2.713438,1.900000,28.196053,9.473943,8.178767
1.900000,2.791443,3.000000,25.921685,8.405977,7.147046
3.000000,2.791443,1.900000,25.921685,8.405977,7.147046
1.900000,2.870811,3.100000,23.834953,7.458368,6.232839
3.100000,2.870811,1.900000,23.834953,7.458368,6.232839
1.900000,2.951434,3.200000,21.935465,6.617673,5.423044
3.200000,2.951434,1.900000,21.935465,6.617673,5.423044
1.900000,3.033211,3.300000,20.219542,5.871455,4.705475
3.300000,3.033211,1.900000,20.219542,5.871455,4.705475
1.900000,3.116051,3.400000,18.681573,5.209211,4.069837
3.400000,3.116051,1.900000,18.681573,5.209211,4.069837
1.900000,3.284598,3.600000,16.109164,4.103395,3.012058
3.600000,3.284598,1.900000,16.109164,4.103395,3.012058
1.900000,3.456500,3.800000,14.142727,3.245012,2.197021
3.800000,3.456500,1.900000,14.142727,3.245012,2.197021
1.900000,3.631281,4.000000,12.687480,2.589136,1.582889
4.000000,3.631281,1.900000,12.687480,2.589136,1.582889
2.000000,2.149198,2.000000,48.071356,20.452049,18.717075
2.000000,2.149198,2.000000,48.071356,20.452049,18.717075
2.000000,2.176472,2.050000,47.299622,19.606129,17.918284
2.050000,2.176472,2.000000,47.299622,19.606129,17.918284
2.000000,2.204542,2.100000,46.506690,18.875748,17.231172
2.100000,2.204542,2.000000,46.506690,18.875748,17.231172
2.000000,2.233379,2.150000,45.705279,18.252662,16.647812
2.150000,2.233379,2.000000,45.705279,18.252662,16.647812
2.000000,2.262954,2.200000,44.903125,17.726285,16.158112
2.200000,2.262954,2.000000,44.903125,17.726285,16.158112
2.000000,2.293237,2.250000,44.102741,17.283120,15.749099
2.250000,2.293237,2.000000,44.102741,17.283120,15.749099
2.000000,2.324201,2.300000,43.296172,16.901235,15.399314
2.300000,2.324201,2.000000,43.296172,16.901235,15.399314
2.000000,2.355820,2.350000,41.001622,15.086644,13.615146
2.350000,2.355820,2.000000,41.001622,15.086644,13.615146
2.000000,2.388067,2.400000,39.988324,14.597955,13.155471
2.400000,2.388067,2.000000,39.988324,14.597955,13.155471
2.000000,2.420917,2.450000,38.982658,14.152287,12.737579
2.450000,2.420917,2.000000,38.982658,14.152287,12.737579
2.000000,2.454347,2.500000,37.960264,13.717204,12.329132
2.500000,2.454347,2.000000,37.960264,13.717204,12.329132
2.000000,2.488332,2.550000,36.829551,13.194065,11.831540
2.550000,2.488332,2.000000,36.829551,13.194065,11.831540
2.000000,2.522850,2.600000,35.426947,12.413126,11.075083
2.600000,2.522850,2.000000,35.426947,12.413126,11.075083
2.000000,2.593400,2.700000,32.836101,11.086870,9.794675
2.700000,2.593400,2.000000,32.836101,11.086870,9.794675
2.000000,2.665835,2.800000,30.385052,9.899719,8.649423
2.800000,2.665835,2.000000,30.385052,9.899719,8.649423
2.000000,2.740005,2.900000,28.113899,8.863646,7.651687
2.900000,2.740005,2.000000,28.113899,8.863646,7.651687
2.000000,2.815774,3.000000,25.966246,7.900336,6.723616
3.000000,2.815774,2.000000,25.966246,7.900336,6.723616
2.000000,2.893015,3.100000,23.996457,7.047395,5.903237
3.100000,2.893015,2.000000,23.996457,7.047395,5.903237
2.000000,2.971613,3.200000,22.201506,6.289558,5.175600
3.200000,2.971613,2.000000,22.201506,6.289558,5.175600
2.000000,3.051465,3.300000,20.577200,5.614470,4.528572
3.300000,3.051465,2.000000,20.577200,5.614470,4.528572
2.000000,3.132474,3.400000,19.117145,5.011276,3.951478
3.400000,3.132474,2.000000,19.117145,5.011276,3.951478
2.000000,3.297620,3.600000,16.661018,3.989869,2.977292
3.600000,3.297620,2.000000,16.661018,3.989869,2.977292
2.000000,3.466439,3.800000,14.767932,3.181283,2.211453
3.800000,3.466439,2.000000,14.767932,3.181283,2.211453
2.000000,3.638421,4.000000,13.356252,2.553108,1.624618
4.000000,3.638421,2.000000,13.356252,2.553108,1.624618
2.100000,2.256658,2.100000,44.820769,17.236861,15.678676
2.100000,2.256658,2.100000,44.820769,17.236861,15.678676
2.100000,2.283913,2.150000,44.095953,16.712252,15.192076
2.150000,2.283913,2.100000,44.095953,16.712252,15.192076
2.100000,2.311927,2.200000,43.357195,16.266612,14.781563
2.200000,2.311927,2.100000,43.357195,16.266612,14.781563
2.100000,2.340675,2.250000,42.614734,15.894523,14.442230
2.250000,2.340675,2.100000,42.614734,15.894523,14.442230
2.100000,2.370128,2.300000,41.874368,15.588177,14.166719
2.300000,2.370128,2.100000,41.874368,15.588177,14.166719
2.100000,2.400262,2.350000,41.136894,15.336554,13.944362
2.350000,2.400262,2.100000,41.136894,15.336554,13.944362
2.100000,2.431051,2.400000,40.381955,15.109039,13.744796
2.400000,2.431051,2.100000,40.381955,15.109039,13.744796
2.100000,2.462470,2.450000,38.251978,13.539160,12.201701
2.450000,2.462470,2.100000,38.251978,13.539160,12.201701
2.100000,2.494496,2.500000,37.278957,13.151180,11.839427
2.500000,2.494496,2.100000,37.278957,13.151180,11.839427
2.100000,2.527105,2.550000,35.865453,12.340934,11.053849
2.550000,2.527105,2.100000,35.865453,12.340934,11.053849
2.100000,2.560275,2.600000,34.572149,11.663235,10.399799
2.600000,2.560275,2.100000,34.572149,11.663235,10.399799
2.100000,2.628214,2.700000,32.012364,10.351782,9.132656
2.700000,2.628214,2.100000,32.012364,10.351782,9.132656
2.100000,2.698149,2.800000,29.557649,9.140766,7.962169
2.800000,2.698149,2.100000,29.557649,9.140766,7.962169
2.100000,2.769930,2.900000,27.249059,8.044692,6.903236
2.900000,2.769930,2.100000,27.249059,8.044692,6.903236
2.100000,2.843415,3.000000,25.113739,7.070035,5.962796
3.000000,2.843415,2.100000,25.113739,7.070035,5.962796
2.100000,2.918477,3.100000,23.160123,6.209447,5.133909
3.100000,2.918477,2.100000,23.160123,6.209447,5.133909
2.100000,2.994998,3.200000,21.386687,5.449923,4.403859
3.200000,2.994998,2.100000,21.386687,5.449923,4.403859
2.100000,3.072867,3.300000,19.787326,4.777775,3.759152
3.300000,3.072867,2.100000,19.787326,4.777775,3.759152
2.100000,3.151985,3.400000,18.354109,4.181029,3.187971
3.400000,3.151985,2.100000,18.354109,4.181029,3.187971
2.100000,3.313610,3.600000,15.950701,3.177473,2.230756
3.600000,3.313610,2.100000,15.950701,3.177473,2.230756
2.100000,3.479226,3.800000,14.100427,2.385350,1.480730
3.800000,3.479226,2.100000,14.100427,2.385350,1.480730
2.100000,3.648289,4.000000,12.717989,1.768114,0.904396
4.000000,3.648289,2.100000,12.717989,1.768114,0.904396
2.200000,2.364118,2.200000,41.757017,15.184415,13.769752
2.200000,2.364118,2.200000,41.757017,15.184415,13.769752
2.200000,2.391355,2.250000,41.084795,14.889960,13.506837
2.250000,2.391355,2.200000,41.084795,14.889960,13.506837
2.200000,2.419319,2.300000,40.401518,14.645140,13.291720
2.300000,2.419319,2.200000,40.401518,14.645140,13.291720
2.200000,2.447984,2.350000,39.715503,14.446714,13.121504
2.350000,2.447984,2.200000,39.715503,14.446714,13.121504
2.200000,2.477327,2.400000,39.035542,14.293487,12.995228
2.400000,2.477327,2.200000,39.035542,14.293487,12.995228
2.200000,2.507324,2.450000,38.373944,14.189131,12.916712
2.450000,2.507324,2.200000,38.373944,14.189131,12.916712
2.200000,2.537952,2.500000,36.362784,12.758248,11.510634
2.500000,2.537952,2.200000,36.362784,12.758248,11.510634
2.200000,2.569187,2.550000,35.342786,12.335084,11.111279
2.550000,2.569187,2.200000,35.342786,12.335084,11.111279
2.200000,2.601009,2.600000,33.600153,11.200206,9.999229
2.600000,2.601009,2.200000,33.600153,11.200206,9.999229
2.200000,2.666326,2.700000,31.282994,10.112267,8.954075
2.700000,2.666326,2.200000,31.282994,10.112267,8.954075
2.200000,2.733742,2.800000,28.957794,9.008383,7.889357
2.800000,2.733742,2.200000,28.957794,9.008383,7.889357
2.200000,2.803104,2.900000,26.735891,7.974650,6.891575
2.900000,2.803104,2.200000,26.735891,7.974650,6.891575
2.200000,2.874272,3.000000,24.669996,7.044184,5.994305
3.000000,2.874272,2.200000,24.669996,7.044184,5.994305
2.200000,2.947115,3.100000,22.779813,6.221774,5.202729
3.100000,2.947115,2.200000,22.779813,6.221774,5.202729
2.200000,3.021512,3.200000,21.066741,5.498033,4.507723
3.200000,3.021512,2.200000,21.066741,5.498033,4.507723
2.200000,3.097351,3.300000,19.524675,4.859817,3.896309
3.300000,3.097351,2.200000,19.524675,4.859817,3.896309
2.200000,3.174528,3.400000,18.144752,4.294637,3.356133
3.400000,3.174528,2.200000,18.144752,4.294637,3.356133
2.200000,3.332526,3.600000,15.832003,3.344252,2.451157
3.600000,3.332526,2.200000,15.832003,3.344252,2.451157
2.200000,3.494828,3.800000,14.048298,2.589898,1.738208
3.800000,3.494828,2.200000,14.048298,2.589898,1.738208
2.200000,3.660863,4.000000,12.710463,1.996799,1.185549
4.000000,3.660863,2.200000,12.710463,1.996799,1.185549
2.250000,2.417848,2.250000,37.872685,12.057337,10.705199
2.250000,2.417848,2.250000,37.872685,12.057337,10.705199
2.250000,2.445077,2.300000,36.848829,11.472456,10.149498
2.300000,2.445077,2.250000,36.848829,11.472456,10.149498
2.250000,2.473017,2.350000,35.863856,10.974487,9.679241
2.350000,2.473017,2.250000,35.863856,10.974487,9.679241
2.250000,2.501644,2.400000,34.916794,10.552575,9.283804
2.400000,2.501644,2.250000,34.916794,10.552575,9.283804
2.250000,2.530935,2.450000,34.006573,10.197112,8.953724
2.450000,2.530935,2.250000,34.006573,10.197112,8.953724
2.250000,2.560868,2.500000,33.132071,9.899610,8.680589
2.500000,2.560868,2.250000,33.132071,9.899610,8.680589
2.250000,2.591420,2.550000,32.292187,9.652585,8.456952
2.550000,2.591420,2.250000,32.292187,9.652585,8.456952
2.250000,2.622569,2.600000,31.485738,9.449316,8.276108
2.600000,2.622569,2.250000,31.485738,9.449316,8.276108
2.250000,2.686576,2.700000,29.968469,9.150671,8.019496
2.700000,2.686576,2.250000,29.968469,9.150671,8.019496
2.250000,2.752728,2.800000,28.567926,8.959457,7.866778
2.800000,2.752728,2.250000,28.567926,8.959457,7.866778
2.250000,2.820874,2.900000,26.469259,8.036148,6.978834
2.900000,2.820874,2.250000,26.469259,8.036148,6.978834
2.250000,2.890874,3.000000,24.441590,7.130743,6.106121
3.000000,2.890874,2.250000,24.441590,7.130743,6.106121
2.250000,2.962596,3.100000,22.583086,6.326892,5.332670
3.100000,2.962596,2.250000,22.583086,6.326892,5.332670
2.250000,3.035918,3.200000,20.899422,5.619804,4.653945
3.200000,3.035918,2.250000,20.899422,5.619804,4.653945
2.250000,3.110726,3.300000,19.385351,4.997452,4.058071
3.300000,3.110726,2.250000,19.385351,4.997452,4.058071
2.250000,3.186917,3.400000,18.031753,4.447293,3.532628
3.400000,3.186917,2.250000,18.031753,4.447293,3.532628
2.250000,3.343065,3.600000,15.764754,3.523058,2.653321
3.600000,3.343065,2.250000,15.764754,3.523058,2.653321
2.250000,3.503673,3.800000,14.015765,2.788214,1.959523
3.800000,3.503673,2.250000,14.015765,2.788214,1.959523
2.250000,3.668156,4.000000,12.701807,2.208041,1.419552
4.000000,3.668156,2.250000,12.701807,2.208041,1.419552
2.300000,2.471578,2.300000,35.839481,10.901561,9.607283
2.300000,2.471578,2.300000,35.839481,10.901561,9.607283
2.300000,2.498799,2.350000,34.869047,10.416654,9.149606
2.350000,2.498799,2.300000,34.869047,10.416654,9.149606
2.300000,2.526716,2.400000,33.936528,10.006932,8.765897
2.400000,2.526716,2.300000,33.936528,10.006932,8.765897
2.300000,2.555307,2.450000,33.040874,9.662899,8.446800
2.450000,2.555307,2.300000,33.040874,9.662899,8.446800
2.300000,2.584548,2.500000,32.180933,9.376118,8.183956
2.500000,2.584548,2.300000,32.180933,9.376118,8.183956
2.300000,2.614419,2.550000,31.355626,9.139215,7.970027
2.550000,2.614419,2.300000,31.355626,9.139215,7.970027
2.300000,2.644898,2.600000,30.563823,8.945606,7.798447
2.600000,2.644898,2.300000,30.563823,8.945606,7.798447
2.300000,2.707597,2.700000,29.076369,8.665520,7.559655
2.700000,2.707597,2.300000,29.076369,8.665520,7.559655
2.300000,2.772486,2.800000,27.709213,8.495204,7.427176
2.800000,2.772486,2.300000,27.709213,8.495204,7.427176
2.300000,2.839414,2.900000,26.438007,8.386140,7.352900
2.900000,2.839414,2.300000,26.438007,8.386140,7.352900
2.300000,2.908241,3.000000,24.208706,7.265603,6.264555
3.000000,2.908241,2.300000,24.208706,7.265603,6.264555
2.300000,2.978836,3.100000,22.383024,6.481153,5.510077
3.100000,2.978836,2.300000,22.383024,6.481153,5.510077
2.300000,3.051075,3.200000,20.728502,5.790174,4.847089
3.200000,3.051075,2.300000,20.728502,5.790174,4.847089
2.300000,3.124845,3.300000,19.241902,5.182898,4.265962
3.300000,3.124845,2.300000,19.241902,5.182898,4.265962
2.300000,3.200039,3.400000,17.914234,4.647106,3.754595
3.400000,3.200039,2.300000,17.914234,4.647106,3.754595
2.300000,3.354317,3.600000,15.692996,3.748531,2.900457
3.600000,3.354317,2.300000,15.692996,3.748531,2.900457
2.300000,3.513208,3.800000,13.979303,3.033307,2.225914
3.800000,3.513208,2.300000,13.979303,3.033307,2.225914
2.300000,3.676115,4.000000,12.690163,2.466576,1.699144
4.000000,3.676115,2.300000,12.690163,2.466576,1.699144
2.400000,2.579038,2.400000,32.091344,9.157910,7.968314
2.400000,2.579038,2.400000,32.091344,9.157910,7.968314
2.400000,2.606244,2.450000,31.224333,8.834448,7.668928
2.450000,2.606244,2.400000,31.224333,8.834448,7.668928
2.400000,2.634119,2.500000,30.392931,8.566987,7.424573
2.500000,2.634119,2.400000,30.392931,8.566987,7.424573
2.400000,2.662640,2.550000,29.595977,8.348208,7.227967
2.550000,2.662640,2.400000,29.595977,8.348208,7.227967
2.400000,2.691788,2.600000,28.832428,8.171742,7.072761
2.600000,2.691788,2.400000,28.832428,8.171742,7.072761
2.400000,2.751884,2.700000,27.401454,7.923792,6.864677
2.700000,2.751884,2.400000,27.401454,7.923792,6.864677
2.400000,2.814251,2.800000,26.092400,7.785204,6.762650
2.800000,2.814251,2.400000,26.092400,7.785204,6.762650
2.400000,2.878742,2.900000,24.897077,7.724496,6.735609
2.900000,2.878742,2.400000,24.897077,7.724496,6.735609
2.400000,2.945216,3.000000,23.789235,7.697502,6.739835
3.000000,2.945216,2.400000,23.789235,7.697502,6.739835
2.400000,3.013543,3.100000,21.972794,6.894657,5.966116
3.100000,3.013543,2.400000,21.972794,6.894657,5.966116
2.400000,3.083599,3.200000,20.378208,6.236822,5.335529
3.200000,3.083599,2.400000,20.378208,6.236822,5.335529
2.400000,3.155270,3.300000,18.945438,5.657900,4.782096
3.300000,3.155270,2.400000,18.945438,5.657900,4.782096
2.400000,3.228447,3.400000,17.668333,5.148884,4.296913
3.400000,3.228447,2.400000,17.668333,5.148884,4.296913
2.400000,3.378928,3.600000,15.537500,4.299235,3.490699
3.600000,3.378928,2.400000,15.537500,4.299235,3.490699
2.400000,3.534324,3.800000,13.895586,3.623223,2.854624
3.800000,3.534324,2.400000,13.895586,3.623223,2.854624
2.400000,3.694013,4.000000,12.658122,3.084302,2.355180
4.000000,3.694013,2.400000,12.658122,3.084302,2.355180
2.500000,2.686498,2.500000,28.750292,8.010705,6.913877
2.500000,2.686498,2.500000,28.750292,8.010705,6.913877
2.500000,2.713691,2.550000,27.980779,7.807599,6.732189
2.550000,2.713691,2.500000,27.980779,7.807599,6.732189
2.500000,2.741526,2.600000,27.244357,7.645827,6.590953
2.600000,2.741526,2.500000,27.244357,7.645827,6.590953
2.500000,2.799045,2.700000,25.866905,7.424925,6.408569
2.700000,2.799045,2.500000,25.866905,7.424925,6.408569
2.500000,2.858906,2.800000,24.610872,7.311372,6.330372
2.800000,2.858906,2.500000,24.610872,7.311372,6.330372
2.500000,2.920965,2.900000,23.470049,7.276378,6.327983
2.900000,2.920965,2.500000,23.470049,7.276378,6.327983
2.500000,2.985084,3.000000,22.437020,7.295263,6.377153
3.000000,2.985084,2.500000,22.437020,7.295263,6.377153
2.500000,3.051134,3.100000,21.482185,7.325522,6.435713
3.100000,3.051134,2.500000,21.482185,7.325522,6.435713
2.500000,3.118991,3.200000,20.015679,6.768206,5.904910
3.200000,3.118991,2.500000,20.015679,6.768206,5.904910
2.500000,3.188542,3.300000,18.638923,6.219107,5.380639
3.300000,3.188542,2.500000,18.638923,6.219107,5.380639
2.500000,3.259676,3.400000,17.411185,5.734990,4.919754
3.400000,3.259676,2.500000,17.411185,5.734990,4.919754
2.500000,3.406299,3.600000,15.368347,4.930540,4.157721
3.600000,3.406299,2.500000,15.368347,4.930540,4.157721
2.500000,3.558125,3.800000,13.798374,4.292623,3.558991
3.800000,3.558125,2.500000,13.798374,4.292623,3.558991
2.500000,3.714517,4.000000,12.614410,3.782137,3.087503
4.000000,3.714517,2.500000,12.614410,3.782137,3.087503
2.600000,2.793958,2.600000,25.791223,7.307263,6.292969
2.600000,2.793958,2.600000,25.791223,7.307263,6.292969
2.600000,2.848937,2.700000,24.464993,7.109409,6.132384
2.700000,2.848937,2.600000,24.464993,7.109409,6.132384
2.600000,2.906317,2.800000,23.258811,7.016455,6.073665
2.800000,2.906317,2.600000,23.258811,7.016455,6.073665
2.600000,2.965960,2.900000,22.167131,7.000863,6.089678
2.900000,2.965960,2.600000,22.167131,7.000863,6.089678
2.600000,3.027731,3.000000,21.184813,7.040782,6.158993
3.000000,3.027731,2.600000,21.184813,7.040782,6.158993
2.600000,3.091503,3.100000,20.304252,7.116212,6.261926
3.100000,3.091503,2.600000,20.304252,7.116212,6.261926
2.600000,3.157156,3.200000,19.491001,7.184077,6.355581
3.200000,3.157156,2.600000,19.491001,7.184077,6.355581
2.600000,3.224573,3.300000,18.319265,6.813350,6.009020
3.300000,3.224573,2.600000,18.319265,6.813350,6.009020
2.600000,3.293647,3.400000,17.144346,6.357151,5.575452
3.400000,3.293647,2.600000,17.144346,6.357151,5.575452
2.600000,3.436362,3.600000,15.187651,5.595205,4.854904
3.600000,3.436362,2.600000,15.187651,5.595205,4.854904
2.600000,3.584559,3.800000,13.688486,4.993398,4.291541
3.800000,3.584559,2.600000,13.688486,4.993398,4.291541
2.600000,3.737585,4.000000,12.558764,4.511239,3.847913
4.000000,3.737585,2.600000,12.558764,4.511239,3.847913
2.800000,3.008878,2.800000,20.915876,6.794900,5.919457
2.800000,3.008878,2.800000,20.915876,6.794900,5.919457
2.800000,3.063769,2.900000,19.913542,6.807690,5.962049
2.900000,3.063769,2.800000,19.913542,6.807690,5.962049
2.800000,3.120899,3.000000,19.018050,6.874113,6.056220
3.000000,3.120899,2.800000,19.018050,6.874113,6.056220
2.800000,3.180149,3.100000,18.225104,6.978332,6.186428
3.100000,3.180149,2.800000,18.225104,6.978332,6.186428
2.800000,3.241401,3.200000,17.529272,7.107069,6.339555
3.200000,3.241401,2.800000,17.529272,7.107069,6.339555
2.800000,3.304545,3.300000,16.920160,7.245385,6.500745
3.300000,3.304545,2.800000,16.920160,7.245385,6.500745
2.800000,3.369473,3.400000,16.356003,7.349904,6.626712
3.400000,3.369473,2.800000,16.356003,7.349904,6.626712
2.800000,3.504285,3.600000,14.796421,6.897215,6.213436
3.600000,3.504285,2.800000,14.796421,6.897215,6.213436
2.800000,3.645090,3.800000,13.435735,6.363627,5.716884
3.800000,3.645090,2.800000,13.435735,6.363627,5.716884
2.800000,3.791220,4.000000,12.413162,5.935619,5.326553
4.000000,3.791220,2.800000,12.413162,5.935619,5.326553
3.000000,3.223798,3.000000,17.276690,6.990006,6.226603
3.000000,3.223798,3.000000,17.276690,6.990006,6.226603
3.000000,3.278613,3.100000,16.555958,7.108892,6.370078
3.100000,3.278613,3.000000,16.555958,7.108892,6.370078
3.000000,3.335525,3.200000,15.929492,7.251888,6.536151
3.200000,3.335525,3.000000,15.929492,7.251888,6.536151
3.000000,3.394430,3.300000,15.391553,7.409279,6.715202
3.300000,3.394430,3.000000,15.391553,7.409279,6.715202
3.000000,3.455226,3.400000,14.933778,7.571568,6.897838
3.400000,3.455226,3.000000,14.933778,7.571568,6.897838
3.000000,3.582101,3.600000,14.229956,7.889206,7.253087
3.600000,3.582101,3.000000,14.229956,7.889206,7.253087
3.000000,3.715414,3.800000,13.148850,7.566506,6.966209
3.800000,3.715414,3.000000,13.148850,7.566506,6.966209
3.000000,3.854499,4.000000,12.232219,7.192105,6.628777
4.000000,3.854499,3.000000,12.232219,7.192105,6.628777
