G1,G2,G3
1.562040e-01,4.105289e-03,1.271154e-05
4.247699e-03,1.712090e-06,9.939544e-12
6.446915e-04,6.261303e-08,1.761193e-14
1.141835e-02,2.169485e-06,7.059831e-12
4.798584e-04,2.601142e-08,4.310166e-15
2.343804e-03,6.038614e-07,3.688818e-13
6.535507e-04,5.641910e-08,3.609526e-15
1.161267e-02,1.919300e-06,7.420312e-12
2.597518e-02,2.139682e-06,5.956727e-12
4.207632e-03,4.515509e-06,3.226671e-10
7.689645e-02,2.706424e-05,1.929124e-09
4.060372e-02,1.285505e-04,2.266600e-08
4.879686e-03,5.436027e-06,3.449523e-11
1.442049e-02,7.435724e-07,8.984548e-13
7.935256e-03,3.252507e-06,1.095308e-11
9.278868e-02,5.337022e-04,3.836251e-07
1.529983e-02,1.508971e-05,1.305996e-09
9.301403e-03,1.468741e-05,1.127007e-09
1.651452e-01,1.972538e-03,5.073904e-06
9.781985e-03,3.775883e-06,1.090189e-10
1.934669e-02,2.879729e-05,2.857553e-09
3.917245e-02,2.019264e-06,3.849800e-12
8.058718e-04,5.158624e-08,2.932562e-15
3.704182e-03,3.547248e-06,3.665083e-10
2.858442e-01,1.590337e-02,2.262885e-04
1.637285e-01,2.565200e-03,8.352080e-06
1.588509e-01,1.925104e-04,2.841070e-08
1.243558e-02,8.903148e-07,1.840654e-12
7.905299e-02,6.011664e-06,9.803466e-11
1.163992e-02,3.283529e-05,9.457101e-09
2.278472e-01,3.251992e-03,7.962242e-06
2.550614e-03,1.626787e-06,2.788269e-12
1.966277e-02,1.083980e-05,1.611960e-10
1.777133e-01,3.647184e-03,1.748792e-05
2.075469e-04,1.075882e-08,7.572032e-16
3.868759e-02,7.309070e-05,9.033734e-09
5.522823e-03,1.232000e-06,7.191653e-12
7.060666e-03,4.209529e-06,2.475026e-10
6.976735e-03,5.232363e-07,4.688938e-13
2.960725e-02,1.174242e-04,5.709210e-08
6.211694e-02,9.473730e-06,2.256356e-10
4.538520e-02,6.828011e-06,6.320738e-11
1.379729e-01,1.552411e-03,4.204732e-06
7.262583e-03,5.104723e-06,1.063485e-10
1.860821e-02,6.295098e-05,4.861105e-09
2.224192e-03,4.445386e-07,1.624209e-12
1.558358e-02,4.564515e-05,1.469145e-08
2.557883e-02,1.011535e-05,3.465479e-10
3.470472e-02,2.205072e-05,4.622570e-10
4.973938e-03,1.382720e-06,9.854430e-12
1.362901e-01,3.544598e-03,1.691855e-05
3.178782e-03,9.460118e-07,1.810352e-12
1.617903e-02,6.579417e-05,4.201602e-09
1.097684e-02,1.703002e-06,1.311978e-11
2.058466e-04,9.180151e-09,1.546140e-16
1.026927e-02,4.058569e-06,1.677217e-11
3.755163e-04,2.644215e-08,6.475180e-15
1.399493e-02,4.049127e-06,1.605501e-11
2.028939e-01,6.687014e-05,3.495463e-09
1.622695e-03,5.101160e-07,2.675955e-13
2.567983e-02,1.282512e-06,1.913667e-12
3.549370e-02,4.651585e-05,2.064661e-09
4.467898e-04,1.829854e-08,3.409145e-16
3.458539e-02,1.752598e-05,3.447850e-10
7.410210e-03,1.390616e-05,1.491475e-09
1.469535e-01,4.947500e-04,2.288727e-07
1.736318e-02,7.764202e-06,6.221655e-11
1.961927e-02,3.212902e-05,1.003989e-08
1.576186e-01,9.895898e-04,7.434978e-07
2.230803e-01,1.652865e-03,2.176266e-06
6.206586e-04,8.392876e-08,3.381455e-13
6.652281e-03,1.062353e-05,2.897797e-10
1.234693e-01,2.380371e-04,9.920276e-08
1.473495e-01,5.175894e-03,2.059628e-05
2.077179e-01,3.214411e-04,7.685848e-08
2.205285e-03,1.031266e-06,2.479659e-12
2.236150e-02,5.545533e-05,1.010334e-08
9.790522e-02,4.044198e-05,1.366791e-09
1.129649e-01,7.928012e-06,7.209042e-11
1.792519e-01,2.045014e-05,3.108222e-10
5.432804e-02,2.726584e-04,2.367171e-07
2.250580e-02,3.734989e-05,1.980731e-09
3.467099e-03,2.056199e-06,3.091128e-11
4.198683e-02,4.197173e-05,7.099085e-09
8.821868e-03,1.956345e-05,5.529243e-10
8.981912e-02,2.581201e-04,6.791561e-08
1.233145e-01,1.276292e-03,1.339519e-06
7.510113e-02,3.622543e-05,2.164016e-09
8.240286e-04,1.096385e-07,2.507763e-14
1.612750e-02,2.959414e-06,2.631453e-11
7.062676e-03,7.921700e-06,9.712717e-11
1.606015e-01,3.810817e-03,1.955069e-05
5.853920e-03,5.849516e-06,5.973607e-10
2.140304e-02,5.917111e-05,2.612952e-08
5.918767e-04,3.503397e-08,1.203689e-14
1.313071e-03,4.183364e-07,1.756470e-13
1.093547e-01,2.196702e-05,6.521803e-10
1.838650e-02,8.575400e-05,7.253476e-08
1.331069e-02,4.420263e-05,2.241994e-09
9.872056e-04,2.371754e-07,1.931160e-12
2.224012e-01,2.573853e-03,4.517734e-06
2.817661e-02,2.165080e-06,3.276042e-11
1.868657e-02,8.828100e-05,1.007307e-08
5.370684e-02,9.431696e-06,1.439579e-10
4.121644e-03,1.171527e-06,2.045457e-12
4.180481e-02,1.512415e-04,2.110618e-08
6.983712e-03,5.369346e-06,1.752163e-10
9.278762e-02,2.289481e-04,4.470413e-08
4.994279e-03,7.186299e-07,5.112590e-13
1.807039e-01,8.474127e-03,5.413660e-05
1.835596e-02,1.205073e-05,1.345097e-09
1.563999e-01,6.181272e-03,4.043156e-05
1.846353e-01,2.507324e-04,6.286351e-08
1.482815e-02,3.220790e-05,1.019774e-08
5.368569e-04,2.620192e-08,7.245362e-16
7.465507e-04,1.393315e-07,5.563382e-13
1.607203e-01,1.514929e-04,2.756277e-08
7.005063e-02,2.714639e-04,8.348490e-08
5.119504e-02,4.919308e-04,5.827544e-07
6.509746e-03,5.343375e-06,3.060983e-11
5.971731e-02,9.995732e-04,3.599196e-06
1.013195e-01,2.786441e-05,1.405321e-09
1.195758e-01,1.421465e-05,1.687505e-10
7.826990e-03,1.213822e-06,3.167749e-12
7.834543e-04,4.729368e-08,5.929212e-14
2.230157e-01,1.133976e-04,9.834197e-09
2.636127e-02,4.979061e-06,4.592094e-11
1.149233e-03,6.049289e-08,9.308159e-14
7.355870e-02,1.416977e-05,2.530333e-10
2.271190e-01,1.164807e-02,1.576868e-04
1.822585e-01,1.065904e-03,1.490797e-06
2.580679e-02,6.559747e-05,1.392055e-08
4.040010e-02,2.110560e-05,7.644993e-10
1.380459e-01,1.201676e-05,1.193453e-10
2.024568e-02,1.179506e-05,1.339037e-10
1.759548e-03,7.597944e-07,1.883292e-12
2.491033e-03,1.388827e-06,1.439558e-11
2.960135e-03,7.077311e-07,7.439630e-12
2.848867e-02,1.498320e-06,2.269867e-12
1.196092e-02,5.442368e-06,3.965913e-11
3.139045e-03,1.669640e-07,8.277212e-13
7.472935e-03,1.382299e-05,2.281084e-10
6.857173e-02,6.373003e-05,3.882060e-09
4.780748e-02,5.560877e-05,4.231539e-09
6.205451e-04,5.311824e-08,3.881324e-15
1.936685e-03,1.352590e-07,3.924371e-13
1.689725e-01,2.171902e-04,6.759039e-08
1.805861e-03,6.692316e-07,6.585078e-13
3.374766e-03,9.853097e-07,9.814110e-12
2.837396e-02,2.976043e-06,1.768861e-11
1.348081e-01,5.331421e-03,5.056757e-05
6.093424e-02,1.308940e-04,2.693067e-08
1.055630e-02,1.939580e-05,1.647182e-09
1.122736e-02,1.038940e-05,1.057546e-10
7.582640e-02,1.367754e-03,1.718085e-06
7.182477e-02,1.042076e-04,2.281152e-08
5.971155e-02,7.821298e-04,1.365350e-06
1.509201e-01,3.747600e-03,1.067827e-05
1.960169e-03,2.180014e-07,5.161831e-14
2.552842e-02,7.385561e-05,7.259898e-09
2.672182e-02,3.362757e-05,3.005566e-09
1.378358e-02,3.632724e-06,1.718327e-10
6.048383e-04,9.087780e-08,8.867354e-15
2.570447e-01,8.340163e-03,4.479115e-05
4.998965e-03,5.198092e-07,6.942807e-13
2.286982e-02,5.600321e-06,2.362808e-10
1.450168e-01,2.358667e-04,4.465498e-08
2.151055e-01,5.007504e-03,2.745122e-05
1.490169e-04,5.429981e-09,1.561234e-15
1.218154e-04,3.696404e-09,2.181138e-17
1.624448e-03,2.269108e-07,7.554106e-14
1.746172e-01,1.038252e-05,8.622163e-11
4.330898e-02,3.005009e-05,1.192278e-09
1.402273e-02,2.852631e-06,2.322249e-11
1.296003e-02,3.752635e-06,3.073559e-11
2.526852e-03,1.428246e-06,2.201681e-12
9.159968e-02,5.135682e-05,4.015516e-09
1.174381e-03,2.877559e-07,1.299015e-13
2.165302e-02,6.060692e-05,4.129539e-09
8.176562e-02,1.617781e-03,2.383120e-06
8.206500e-02,1.870279e-03,9.473615e-06
8.024587e-02,2.113629e-04,1.027672e-07
1.149136e-02,4.037020e-06,1.824947e-10
4.126895e-02,3.490207e-06,3.112219e-11
1.176206e-01,6.335718e-05,3.833836e-09
9.808775e-04,6.454139e-08,1.538167e-14
1.800071e-01,2.722402e-05,7.468177e-10
1.023000e-03,1.504972e-07,6.129366e-14
3.711816e-02,5.003755e-06,2.854327e-11
7.834176e-02,4.365404e-04,1.640491e-07
4.545004e-03,1.818387e-06,2.214521e-11
3.948486e-03,3.554143e-07,2.315026e-12
3.156624e-02,2.269818e-04,2.821858e-07
3.462270e-03,1.429743e-06,9.738831e-12
1.286049e-03,3.533370e-07,1.314434e-13
2.241493e-03,8.256054e-07,2.964878e-11
2.304336e-03,8.801357e-07,3.385905e-12
1.699348e-01,1.735622e-04,2.569164e-08
7.696002e-03,4.766303e-07,2.239844e-13
2.484662e-01,1.768689e-02,3.207977e-04
2.035540e-01,4.667399e-03,2.684583e-05
1.391398e-03,1.201132e-07,3.476379e-14
1.234401e-03,5.704328e-08,3.274209e-15
6.748653e-04,5.217184e-08,3.935651e-15
4.108955e-04,3.770115e-08,3.540176e-15
2.158634e-02,4.416317e-05,1.633918e-08
1.856739e-02,7.185303e-05,5.052412e-09
5.601649e-02,3.731107e-06,4.880443e-11
1.846772e-01,2.570434e-05,5.980780e-10
1.641187e-01,6.953686e-03,6.938777e-05
3.818069e-02,3.305122e-06,2.408577e-11
2.365550e-03,1.664108e-07,5.803094e-14
1.829735e-02,2.061227e-05,3.642120e-09
1.864427e-03,1.627641e-07,2.743656e-14
8.102457e-02,2.480418e-05,1.396635e-09
8.186160e-02,5.027313e-05,6.998290e-09
5.296860e-02,1.238975e-05,2.058857e-10
9.078322e-02,1.424132e-04,1.849436e-08
5.028252e-02,7.240026e-04,2.243665e-06
2.253794e-02,2.707706e-05,4.631431e-09
4.931103e-04,5.716612e-08,6.589493e-15
1.204966e-01,4.304168e-04,2.937314e-07
3.425560e-03,3.043976e-07,9.335192e-14
1.486680e-03,2.680492e-07,9.181507e-14
2.154050e-01,3.327802e-03,1.149383e-05
2.718488e-04,1.131228e-08,3.398253e-16
2.529945e-03,1.511790e-06,2.685377e-12
3.411847e-02,1.462045e-04,1.044038e-07
1.805410e-03,1.205877e-07,1.855198e-14
1.270769e-03,7.224549e-08,1.999888e-14
3.328011e-03,6.819545e-07,4.776562e-12
1.174952e-01,5.190675e-04,3.792766e-07
1.021389e-01,3.172459e-04,1.124677e-07
8.274487e-02,3.329090e-04,2.763494e-07
7.589648e-03,1.303284e-06,1.720511e-12
2.311487e-01,9.125038e-03,8.141915e-05
3.401304e-03,2.881590e-06,9.309367e-12
1.154927e-01,6.034023e-05,3.865403e-09
3.518642e-03,3.086317e-06,1.196560e-10
1.968181e-01,3.190340e-05,1.237466e-09
1.793599e-02,6.262623e-06,4.037138e-11
1.196763e-02,3.926973e-05,2.049674e-08
3.158023e-03,4.394640e-07,2.486326e-13
4.776770e-02,5.403481e-04,3.911792e-07
5.922502e-03,8.541676e-06,7.756537e-11
1.553399e-01,6.434962e-03,3.137184e-05
3.324251e-02,2.820989e-04,9.896496e-08
1.430767e-01,1.099579e-03,9.691950e-07
1.846948e-02,8.430304e-06,1.094668e-10
1.926446e-03,4.644448e-07,3.945285e-12
5.082481e-03,4.022048e-07,3.504705e-13
2.538942e-02,1.952044e-05,1.161330e-09
7.927538e-03,3.406333e-06,1.616618e-11
1.862987e-02,8.685057e-05,1.569066e-08
1.762049e-01,5.859641e-05,2.837053e-09
7.159300e-03,1.280015e-06,2.446164e-12
1.590254e-01,6.683009e-03,3.813798e-05
1.882506e-02,6.891975e-05,7.751341e-09
2.106533e-01,6.901965e-05,4.692971e-09
1.570301e-01,2.418634e-05,5.813315e-10
2.579426e-02,1.515594e-04,3.100244e-08
1.453526e-01,1.914432e-05,3.043630e-10
6.737119e-03,1.535941e-06,5.850465e-12
2.405336e-02,6.316464e-05,6.473169e-09
1.631422e-03,2.883096e-07,9.498095e-14
1.879641e-01,4.851266e-04,1.718232e-07
7.027783e-02,1.168207e-04,1.191819e-08
3.870455e-04,1.925350e-08,4.089250e-16
2.107716e-01,1.776076e-04,2.234194e-08
2.056519e-01,2.281591e-03,5.453243e-06
1.049906e-02,2.749064e-05,2.688990e-09
1.284662e-01,3.636649e-05,1.446383e-09
9.529921e-04,5.712054e-08,1.901211e-14
1.151451e-02,6.331877e-06,5.172396e-11
1.515462e-01,2.059627e-03,6.560787e-06
6.645968e-03,3.256392e-07,1.046558e-13
5.445009e-03,4.994869e-07,6.833392e-12
3.635148e-03,1.836678e-07,1.666968e-13
6.011083e-04,7.926194e-08,1.452507e-14
5.907961e-02,1.572177e-05,9.104337e-10
8.739291e-02,4.440473e-05,4.240435e-09
3.649621e-03,3.141093e-06,2.333691e-10
1.972160e-04,9.697636e-09,1.031240e-16
2.701810e-02,5.887923e-06,2.594648e-10
7.938279e-02,1.578967e-03,2.340374e-06
3.139264e-02,1.092220e-04,7.360153e-08
1.245743e-01,6.936235e-06,3.885439e-11
3.125188e-02,9.868037e-05,4.395058e-08
1.207296e-02,1.974963e-06,3.482102e-11
7.950593e-02,8.682649e-06,7.244453e-11
9.487991e-02,3.542144e-05,1.251404e-09
1.111862e-01,1.892695e-04,2.952879e-08
6.024250e-02,3.039195e-04,9.839262e-08
4.024217e-02,2.106593e-05,5.881730e-10
1.040176e-04,2.682253e-09,4.086736e-17
7.539758e-03,8.345332e-06,7.393018e-11
3.512244e-04,2.644409e-08,5.186148e-14
6.799150e-04,2.979913e-08,3.529924e-15
5.511011e-02,1.639180e-04,3.625821e-08
2.088353e-03,1.081707e-06,1.968991e-12
1.809148e-03,1.911747e-07,5.877851e-14
1.313176e-01,3.180592e-03,1.556322e-05
9.810238e-02,4.833512e-05,3.886721e-09
9.153236e-02,1.656122e-03,2.316391e-06
1.282174e-03,6.729516e-08,5.013711e-15
4.645264e-02,9.815672e-06,2.214111e-10
1.132750e-02,1.176479e-05,7.820519e-10
3.635226e-02,3.272314e-05,1.520693e-09
2.945222e-03,1.070557e-06,1.420517e-12
4.197055e-04,3.633907e-08,7.301475e-15
1.909327e-03,1.785920e-07,2.489810e-13
3.578428e-03,8.999064e-07,8.048785e-12
1.109920e-02,1.888592e-05,5.156979e-10
1.979961e-02,9.663656e-05,2.879685e-08
2.869150e-03,5.412459e-07,7.404746e-12
6.548423e-04,1.072938e-07,4.039784e-14
2.855273e-03,1.488935e-06,2.204986e-12
5.763287e-02,4.321776e-05,6.364056e-09
3.393445e-03,5.257807e-07,8.219596e-12
8.743282e-02,1.992920e-03,3.553775e-06
1.135174e-03,1.575249e-07,2.181050e-13
1.954833e-02,1.164933e-05,3.065623e-10
1.132311e-01,2.092021e-04,7.558560e-08
2.089750e-01,1.840407e-03,3.261902e-06
1.175780e-01,1.048161e-03,1.051492e-06
6.205933e-02,2.228763e-05,5.177648e-10
8.346695e-03,1.249685e-05,4.921193e-10
1.432166e-02,2.526786e-05,1.612629e-09
5.005452e-02,6.260277e-04,3.676627e-07
2.015008e-03,3.181287e-07,1.345958e-13
2.413116e-02,1.440093e-04,1.237008e-07
1.263407e-01,6.866785e-05,6.826867e-09
3.457571e-03,1.919596e-06,2.417263e-11
1.175170e-01,1.176856e-03,1.584091e-06
1.007650e-02,2.192813e-05,4.235773e-09
1.670824e-03,9.162496e-08,1.768429e-14
1.368099e-03,3.538081e-07,1.632816e-13
6.759788e-02,2.415671e-04,5.124745e-08
9.397388e-03,1.278019e-05,1.965508e-10
1.003647e-01,4.260732e-05,1.499551e-09
1.401994e-01,4.796317e-03,3.707751e-05
1.572243e-01,2.664984e-03,1.127864e-05
3.211375e-03,1.949214e-06,1.273076e-11
1.010149e-01,2.350451e-03,5.073904e-06
1.475936e-02,8.925232e-07,7.857796e-13
1.823662e-02,1.595164e-05,2.953677e-10
2.196398e-01,1.457606e-04,1.814266e-08
1.648835e-02,2.561739e-05,8.250311e-10
5.032824e-02,4.808756e-04,2.163648e-07
6.204501e-02,5.041056e-04,2.929394e-07
1.496282e-01,2.901962e-05,8.241241e-10
9.809194e-03,2.608067e-05,9.755838e-09
5.081012e-02,8.144921e-05,2.481047e-08
4.190320e-02,2.990080e-06,3.192921e-11
9.275820e-02,2.405874e-04,5.154555e-08
9.745809e-03,3.136892e-06,9.873171e-12
2.849495e-03,3.648099e-07,2.690982e-13
2.016568e-02,7.214886e-06,5.384562e-11
6.046981e-03,4.585615e-06,1.273350e-10
2.386799e-03,3.012012e-07,4.377187e-13
1.054795e-02,4.367628e-06,1.157834e-10
1.776921e-02,1.716109e-05,4.247586e-10
7.514178e-02,1.570304e-04,4.809921e-08
4.610945e-03,5.277246e-06,2.758635e-11
1.493355e-01,1.156084e-03,1.244098e-06
1.563524e-02,2.691216e-06,8.383253e-11
1.307802e-01,7.667998e-04,7.853786e-07
1.234661e-01,2.602575e-05,5.365829e-10
2.824643e-03,1.545229e-06,6.328866e-12
1.836698e-02,3.413283e-05,1.868369e-09
1.658552e-03,4.062251e-07,4.155036e-12
1.706932e-01,6.426466e-05,3.101438e-09
1.639180e-01,4.898089e-03,2.143469e-05
7.444892e-02,1.046601e-04,3.174915e-08
7.608927e-04,8.057672e-08,3.178443e-14
4.364701e-03,4.675044e-06,2.205019e-11
4.402511e-04,4.838704e-08,3.539822e-15
7.039434e-02,1.951210e-05,1.178174e-09
1.607075e-02,1.590956e-05,2.509167e-10
1.209159e-02,1.334714e-06,2.847157e-12
8.233112e-04,1.515061e-07,2.674042e-14
2.818501e-03,1.282408e-06,1.644475e-12
6.707940e-04,4.026978e-08,1.776023e-15
2.396882e-01,1.518948e-02,2.092878e-04
1.224350e-04,3.692148e-09,4.925602e-17
5.080195e-03,1.900012e-06,9.468174e-11
9.420665e-02,2.348810e-03,6.965787e-06
5.221066e-03,4.224619e-06,3.611546e-11
1.059248e-02,7.210934e-07,5.265658e-13
1.423520e-01,4.944110e-05,4.214647e-09
9.872149e-03,7.340155e-06,7.793195e-10
1.164432e-01,5.961966e-04,3.172740e-07
5.545427e-02,2.476519e-04,1.263892e-07
1.718332e-01,1.678474e-05,2.052690e-10
3.891174e-02,1.522840e-04,2.770093e-08
5.474763e-02,2.070988e-05,5.470943e-10
1.443391e-04,4.926446e-09,2.555241e-17
2.199853e-02,7.109787e-06,5.973518e-11
5.973349e-03,9.252817e-07,9.709659e-12
1.509792e-01,1.336642e-05,2.380120e-10
7.042041e-02,3.256446e-05,1.514622e-09
1.706020e-03,1.889974e-07,2.158916e-13
4.948373e-02,4.902887e-04,3.773850e-07
3.122034e-02,2.607401e-04,2.653808e-07
5.040340e-02,1.136973e-04,2.045374e-08
2.966628e-02,6.194431e-05,3.625404e-09
2.163925e-01,1.034716e-02,8.017490e-05
1.008647e-01,1.953212e-05,3.180858e-10
2.467277e-04,1.268617e-08,1.071840e-15
2.680926e-03,4.612824e-07,2.169738e-13
2.101814e-02,1.842082e-05,3.691936e-10
1.302141e-01,1.227448e-05,1.380921e-10
1.680247e-02,6.515869e-06,2.221874e-10
2.077209e-03,9.964269e-07,1.433216e-12
1.631643e-03,1.638684e-07,4.395610e-13
1.827071e-01,1.503059e-04,2.638421e-08
5.621755e-03,2.729678e-06,8.501317e-12
6.387160e-04,4.566662e-08,2.289140e-15
1.837416e-02,4.227191e-05,2.250305e-09
2.258868e-04,1.280116e-08,7.072234e-15
9.497848e-04,9.974276e-08,1.493454e-14
5.102899e-02,3.782948e-05,2.033718e-09
3.884375e-02,4.151893e-05,1.870612e-09
2.803429e-02,1.578696e-04,2.396911e-08
7.874184e-02,3.520246e-04,2.316820e-07
8.907989e-02,2.510684e-05,5.386258e-10
8.670327e-02,1.928949e-03,1.074468e-05
8.218386e-02,7.937991e-04,8.862205e-07
1.312685e-02,4.788261e-06,2.398038e-10
1.060065e-02,2.569022e-05,7.599260e-10
7.728298e-02,3.717823e-04,2.112972e-07
1.828360e-04,6.304515e-09,6.525037e-17
4.290270e-04,4.600959e-08,2.386616e-15
1.329978e-02,7.768692e-06,7.910065e-11
1.153176e-02,2.823319e-05,1.497004e-09
4.450166e-03,3.034682e-07,1.880253e-13
5.154186e-03,4.644767e-07,9.439530e-13
1.382178e-01,8.653132e-04,9.735662e-07
4.550482e-02,2.016786e-05,2.006448e-09
2.210731e-01,1.390506e-02,1.802078e-04
1.840932e-02,2.069513e-05,7.761308e-10
2.572010e-03,6.341080e-07,7.536111e-13
9.311488e-04,1.969798e-07,3.892654e-14
1.829807e-01,1.757550e-05,4.180584e-10
1.392522e-02,1.238986e-06,1.411900e-11
1.454818e-01,6.980523e-04,3.970514e-07
8.408021e-02,1.912872e-05,5.698773e-10
7.053472e-03,6.331691e-07,3.996509e-12
6.116469e-03,8.359446e-07,7.239167e-13
5.849012e-02,6.938717e-05,4.785382e-09
2.926310e-03,2.060943e-06,4.270458e-12
7.145436e-04,1.264464e-07,3.466659e-14
1.795798e-01,2.981830e-04,7.053195e-08
3.058340e-04,2.150135e-08,1.411413e-14
2.122290e-01,4.798503e-04,1.577428e-07
2.888579e-02,2.901221e-06,1.816544e-11
1.280154e-03,1.210533e-07,1.534042e-13
9.943213e-04,1.471173e-07,4.263930e-14
8.187845e-03,8.416116e-07,7.642358e-13
1.966654e-02,9.782807e-05,1.333998e-08
1.238822e-01,3.173217e-04,1.281070e-07
2.209470e-02,2.607491e-06,2.055740e-11
4.430116e-03,1.262596e-06,1.576545e-11
6.850039e-02,1.577288e-04,4.571680e-08
9.661083e-04,1.822531e-07,1.611429e-12
3.170705e-02,1.090550e-04,3.666292e-08
1.038035e-02,7.844160e-07,1.892921e-12
5.790727e-02,1.727544e-05,8.341566e-10
7.340029e-02,1.127067e-04,1.294573e-08
2.914885e-03,2.109264e-06,8.680864e-12
2.634886e-02,6.893922e-05,1.670931e-08
5.598653e-02,3.951448e-04,1.494655e-07
8.925453e-03,1.674506e-05,1.070864e-09
5.341295e-02,1.384240e-04,2.344520e-08
1.374307e-02,1.641968e-05,2.630439e-10
3.467906e-02,2.585884e-04,1.406347e-07
7.741609e-02,1.636000e-05,7.674867e-10
2.900791e-01,1.690460e-02,2.197984e-04
1.118323e-02,1.199496e-05,8.076438e-10
6.765557e-02,6.323895e-04,1.169657e-06
6.956142e-02,5.578606e-06,4.188891e-11
2.033747e-01,2.044982e-05,3.876571e-10
2.714435e-04,1.442772e-08,2.570219e-14
1.393437e-01,6.359394e-04,7.102847e-07
2.204710e-02,2.420546e-05,5.729630e-10
2.509732e-03,7.952544e-07,4.160025e-12
1.435330e-03,2.555268e-07,3.563065e-12
2.691216e-02,2.610052e-06,7.089545e-12
8.633419e-02,1.589966e-03,2.327770e-06
8.911116e-02,1.211737e-05,1.327704e-10
5.392259e-02,5.492659e-06,3.724513e-11
8.519250e-02,5.145155e-05,4.590394e-09
1.386449e-02,1.346314e-05,8.338230e-10
2.218833e-01,4.406759e-05,1.568886e-09
2.090656e-01,9.139167e-03,8.542259e-05
9.441944e-03,2.518549e-06,1.673197e-11
1.095133e-01,7.082226e-06,4.103072e-11
3.056535e-02,1.757722e-05,1.504207e-09
1.538539e-02,1.925702e-05,5.335331e-10
1.064134e-02,2.847323e-05,2.070864e-09
6.892317e-03,4.493932e-06,7.567298e-11
4.322292e-02,1.246977e-04,2.508991e-08
1.615942e-02,6.698024e-05,1.880581e-08
2.072220e-02,8.896517e-06,3.521373e-10
2.264678e-02,4.836592e-06,4.544583e-11
9.275374e-02,1.091277e-03,1.237645e-06
3.962602e-03,3.587177e-06,1.598932e-11
1.086641e-01,7.202593e-04,7.585175e-07
1.316608e-03,1.371653e-07,2.310563e-14
2.040758e-01,5.874000e-03,3.765669e-05
1.210700e-01,1.629774e-05,2.250272e-10
1.210463e-03,3.687646e-07,2.233391e-12
5.635300e-03,4.553538e-06,1.076539e-10
1.357221e-04,4.414966e-09,4.798707e-17
5.899002e-02,1.461457e-04,7.002595e-08
2.492909e-03,1.109325e-06,1.299034e-12
1.690193e-01,1.620589e-03,1.931720e-06
6.293795e-02,1.220227e-05,1.877706e-10
1.874265e-02,2.622345e-06,2.333422e-11
1.625312e-01,1.497837e-04,1.669761e-08
6.069288e-02,6.851592e-05,1.459043e-08
6.831480e-03,4.310427e-06,2.804852e-10
5.740374e-03,8.071799e-06,2.650242e-10
2.996636e-02,7.480155e-06,4.146443e-10
1.802208e-03,5.177195e-07,3.031996e-12
2.038073e-01,1.001876e-04,9.141878e-09
4.013674e-02,2.149305e-06,7.370025e-12
7.858444e-02,4.170129e-05,1.750438e-09
9.345076e-03,9.889234e-06,8.187028e-10
1.319475e-02,4.126755e-05,1.303406e-08
1.053451e-01,2.607444e-04,8.842598e-08
1.552193e-03,5.216059e-07,3.174408e-12
9.084749e-04,1.132719e-07,7.859368e-13
5.802490e-02,7.440678e-06,5.529714e-11
3.065754e-03,3.891755e-07,1.507279e-13
3.958887e-03,2.790093e-06,9.504079e-12
1.405598e-01,1.929601e-05,3.783884e-10
1.275210e-02,2.521108e-05,6.257939e-10
7.865834e-04,4.775344e-08,2.253098e-13
3.093859e-04,2.063934e-08,4.270758e-14
2.601045e-03,1.559567e-06,2.421340e-12
7.677541e-02,3.526043e-05,3.179633e-09
6.187705e-02,1.217737e-05,3.991036e-10
6.014363e-04,3.727255e-08,2.747184e-15
6.328081e-04,8.468531e-08,7.658196e-15
3.622161e-02,4.049766e-06,2.071631e-11
1.784857e-03,7.348605e-07,1.462630e-11
1.606359e-02,1.272941e-05,4.760968e-10
8.101002e-03,1.830596e-06,3.323509e-12
2.865523e-02,8.683607e-05,2.615828e-08
2.478671e-04,1.393710e-08,3.342692e-15
2.804563e-02,5.667907e-06,1.660387e-10
7.764571e-03,1.257727e-05,6.625666e-10
1.813279e-01,6.522848e-03,4.786146e-05
1.041455e-02,7.929618e-06,7.933831e-11
5.488205e-02,2.599435e-05,2.074595e-09
5.806787e-04,8.157720e-08,3.179396e-14
3.561318e-03,2.051382e-06,6.068649e-11
1.303243e-03,1.508493e-07,2.987662e-14
1.748364e-01,8.171341e-03,5.153239e-05
1.100659e-02,1.584241e-06,3.125584e-12
1.782043e-01,1.925159e-03,2.783782e-06
1.992260e-04,9.807494e-09,2.802919e-16
4.275685e-04,3.550586e-08,1.175750e-13
1.972726e-01,6.290083e-04,2.767365e-07
1.826243e-02,3.155509e-06,4.748534e-11
1.535434e-01,4.639069e-03,2.039746e-05
9.447096e-04,1.290224e-07,4.344046e-13
1.758325e-02,1.632622e-05,2.982766e-10
2.675269e-03,5.125310e-07,3.415098e-13
1.903884e-02,6.645468e-05,5.548157e-09
5.231155e-04,5.889968e-08,2.356533e-14
3.688534e-02,2.386798e-06,5.564021e-12
8.922738e-03,6.486660e-07,9.576443e-13
1.246045e-02,3.785272e-05,3.075495e-09
1.484335e-02,2.204408e-05,9.066179e-10
3.290362e-02,3.692580e-06,2.896885e-11
3.857901e-02,4.917519e-05,2.824880e-09
1.198671e-02,1.001451e-05,9.164625e-10
6.604761e-04,7.684774e-08,6.790852e-15
1.363186e-03,3.758498e-07,1.276882e-12
7.430483e-02,2.537263e-04,5.726364e-08
1.502256e-01,3.117571e-04,8.642404e-08
6.914888e-02,1.810340e-05,3.693044e-10
3.161370e-02,3.612807e-05,1.289257e-09
1.215527e-02,6.054930e-06,7.427847e-11
4.967317e-02,3.225233e-06,1.188433e-11
9.148756e-02,2.290919e-05,4.683056e-10
1.434156e-02,3.509980e-06,3.511123e-11
9.226163e-02,1.674880e-05,2.661130e-10
3.498591e-03,2.860271e-06,2.696989e-11
9.726449e-03,5.728984e-06,3.368057e-11
6.450295e-04,6.730516e-08,1.659956e-14
3.561364e-02,2.836761e-05,3.397248e-09
3.191986e-02,8.824277e-06,7.641058e-11
1.089060e-01,3.813819e-05,1.742230e-09
7.817690e-02,1.162178e-03,1.165221e-06
9.443027e-02,1.292810e-04,1.396377e-08
3.528797e-03,1.179224e-06,4.285860e-12
1.851474e-03,2.943478e-07,1.952101e-13
1.305060e-01,2.976340e-03,8.782934e-06
1.493087e-01,7.689626e-04,7.696731e-07
4.926184e-02,6.659448e-04,1.616415e-06
8.292758e-04,1.471872e-07,2.189759e-14
1.530642e-04,5.777521e-09,3.718653e-16
4.230137e-04,4.453161e-08,2.030488e-15
1.292146e-02,1.129556e-06,1.421370e-12
4.956468e-04,4.532494e-08,5.344545e-15
6.790088e-02,4.407544e-05,1.832105e-09
1.814573e-03,1.737289e-07,6.006194e-14
1.302740e-01,1.007870e-04,1.585628e-08
3.196626e-04,2.147520e-08,6.243628e-16
1.181855e-03,2.319806e-07,5.399959e-14
2.664086e-02,1.777789e-04,3.343375e-08
7.775934e-04,8.737111e-08,6.420470e-14
6.782127e-03,4.458250e-07,3.103425e-13
2.069857e-01,1.689118e-05,1.991028e-10
3.520650e-02,1.285941e-04,2.605646e-08
1.689169e-02,3.960719e-06,5.943131e-11
2.715059e-02,2.379865e-06,1.155272e-11
6.968178e-03,6.286554e-07,2.452287e-12
1.016067e-02,2.366800e-05,1.618283e-09
3.268630e-03,2.545843e-07,4.086571e-13
4.032356e-04,3.638251e-08,3.184169e-14
1.053839e-03,1.196672e-07,5.739610e-14
1.765473e-01,1.038896e-05,1.060193e-10
6.009213e-03,2.797726e-07,1.687261e-13
5.492170e-03,2.640052e-07,2.200107e-13
1.246914e-01,2.823124e-04,1.557210e-07
7.210171e-03,7.052622e-06,1.131960e-10
7.486007e-03,2.259147e-06,5.242094e-12
2.114679e-02,2.543747e-06,4.459051e-11
1.368604e-02,6.847620e-06,4.794819e-11
1.174197e-03,1.385874e-07,3.923587e-13
1.362458e-03,3.540994e-07,4.673023e-13
1.919695e-02,1.062809e-06,3.451542e-12
1.582181e-01,7.216644e-04,4.996290e-07
1.862355e-02,7.345026e-05,5.232378e-09
4.012319e-02,5.714729e-05,8.532359e-09
4.113349e-02,2.854788e-04,4.284036e-07
7.603011e-02,4.615264e-05,3.082268e-09
8.204640e-03,1.607237e-05,5.386797e-10
1.284932e-01,1.847452e-05,2.689488e-10
2.111471e-02,9.848586e-05,9.305130e-09
2.207892e-03,1.076879e-06,1.911563e-12
4.681858e-02,4.208010e-06,4.392665e-11
6.216745e-02,6.849538e-06,1.631094e-10
3.111396e-02,4.580968e-05,2.004041e-09
1.385829e-02,3.499540e-05,1.570770e-09
3.413765e-02,2.482520e-04,3.108983e-07
2.857341e-02,2.861111e-06,3.717071e-11
7.152143e-04,1.223079e-07,1.830504e-14
1.048049e-01,1.802815e-05,3.469293e-10
3.483236e-02,3.197195e-04,4.316287e-07
1.432647e-01,1.924578e-05,6.402259e-10
1.124738e-02,1.573206e-05,1.116240e-09
6.793940e-04,1.093485e-07,5.040934e-14
2.160683e-04,7.842342e-09,7.728746e-17
3.509297e-04,1.879575e-08,4.322748e-14
1.783167e-02,4.701727e-06,2.734739e-11
1.880073e-01,3.223428e-04,1.373958e-07
4.218229e-04,2.181419e-08,6.706395e-16
2.996626e-02,1.569300e-04,6.857759e-08
1.083136e-01,2.965103e-03,8.176062e-06
4.631563e-02,1.079468e-04,5.472747e-08
2.196367e-04,1.010657e-08,1.023329e-16
1.380681e-02,1.066300e-05,1.044633e-09
1.491637e-02,1.631414e-05,5.181274e-10
6.703229e-02,4.336651e-04,3.249157e-07
1.456643e-01,3.483425e-03,1.429644e-05
1.054604e-02,2.136292e-05,1.194068e-09
8.306476e-02,1.832291e-05,5.480251e-10
1.466006e-01,2.053837e-05,3.970734e-10
2.036887e-02,2.093466e-05,2.842733e-09
2.152978e-02,6.442238e-05,1.352941e-08
4.179285e-02,2.378554e-04,1.014601e-07
1.862637e-01,5.020952e-03,2.096198e-05
1.603211e-01,2.114131e-05,3.375863e-10
9.598890e-03,1.112059e-06,1.456769e-12
3.125945e-03,4.175595e-07,2.112815e-12
1.276053e-01,9.961434e-04,8.148189e-07
8.397313e-03,1.615839e-05,5.686250e-10
2.483937e-02,1.235319e-04,2.596023e-08
9.570968e-02,2.317476e-04,1.204658e-07
1.586993e-02,1.665499e-06,3.290818e-11
5.091008e-03,7.083856e-07,5.593506e-13
3.799343e-03,2.174967e-06,6.800670e-12
2.051875e-01,1.203095e-02,1.726576e-04
5.260608e-04,2.439451e-08,9.050105e-15
1.063532e-01,1.929588e-05,4.934498e-10
1.532295e-02,5.898161e-05,3.411206e-09
2.495740e-03,1.037246e-06,2.590941e-12
8.456199e-03,1.079467e-06,2.941504e-12
1.732337e-01,5.722751e-03,3.509682e-05
1.118120e-02,9.381303e-07,1.470991e-11
2.465200e-02,8.917944e-06,7.967223e-11
2.743059e-01,1.581483e-02,2.222739e-04
1.725461e-02,3.080463e-05,1.650479e-09
1.150853e-01,3.411256e-03,1.083965e-05
4.289516e-03,3.122701e-07,1.330169e-13
1.870901e-04,6.967552e-09,5.138425e-17
6.925244e-02,2.619066e-04,1.085885e-07
3.070488e-04,1.703831e-08,2.082755e-14
4.830276e-02,4.678361e-05,5.148811e-09
1.745991e-01,8.245829e-03,7.367846e-05
9.206899e-03,2.164948e-05,2.110164e-09
3.216971e-03,1.271601e-06,2.776583e-12
1.921346e-01,9.246825e-04,6.687203e-07
1.985659e-02,2.094905e-05,4.228092e-10
5.173452e-04,6.643595e-08,4.880152e-15
1.181580e-01,7.911796e-06,8.712302e-11
3.533360e-03,2.868821e-06,1.522321e-11
6.645573e-02,4.765330e-06,2.235212e-11
1.093483e-03,2.629252e-07,4.201771e-13
8.488676e-02,2.197716e-05,7.202664e-10
6.013941e-04,5.154833e-08,1.036750e-14
6.650958e-02,3.935402e-06,3.879615e-11
9.948213e-02,3.827460e-04,1.749615e-07
1.053464e-02,1.106322e-06,8.035917e-12
1.744360e-01,6.613200e-03,3.566289e-05
6.969270e-03,4.102670e-07,2.225110e-13
1.323526e-01,3.465534e-04,1.785138e-07
4.395647e-02,1.239619e-04,2.217944e-08
7.520862e-02,9.562486e-05,1.616528e-08
4.979640e-02,5.699586e-05,1.495979e-08
3.273652e-02,2.069058e-06,5.567918e-12
3.655755e-02,6.255974e-05,1.814266e-08
4.474694e-03,5.465406e-07,3.078081e-13
1.366992e-01,2.662564e-05,6.562364e-10
1.006986e-02,2.481694e-05,6.704312e-10
1.404069e-02,8.812662e-06,7.629605e-11
7.876896e-03,7.500707e-06,1.395497e-10
8.991589e-02,1.547780e-05,4.141471e-10
2.432297e-02,6.846645e-06,1.814937e-10
5.632483e-02,2.148154e-04,8.841714e-08
1.138457e-01,2.461456e-03,4.961512e-06
2.175247e-01,6.880874e-05,4.767232e-09
4.994027e-03,5.056316e-06,2.607615e-11
8.788463e-02,1.824211e-05,3.979081e-10
1.431254e-01,5.415301e-03,4.098518e-05
6.409258e-03,5.875651e-06,3.473755e-11
3.031323e-03,4.627378e-07,2.246349e-13
7.432043e-03,6.756787e-06,2.393247e-10
9.196302e-02,7.714807e-04,5.675142e-07
9.484718e-02,9.088983e-06,2.009430e-10
7.082395e-02,1.847175e-04,6.136047e-08
5.557103e-04,2.481368e-08,6.964748e-16
9.415145e-02,8.404719e-06,6.255343e-11
1.971317e-01,1.437052e-04,1.467677e-08
3.100991e-02,2.379586e-04,3.208154e-07
5.288530e-03,3.295841e-07,1.841943e-12
1.301314e-02,1.021335e-05,7.329820e-10
1.512069e-01,6.088097e-03,3.356254e-05
1.099643e-01,2.832525e-03,1.793781e-05
1.330549e-02,5.034969e-06,3.122194e-11
2.663121e-01,1.505545e-02,1.710422e-04
2.114740e-02,6.374092e-06,5.412635e-11
1.923368e-02,9.209507e-05,2.249214e-08
1.010636e-01,2.610018e-03,8.286358e-06
1.116733e-04,3.031622e-09,1.085072e-17
5.900740e-04,6.535079e-08,4.149161e-13
5.962794e-03,1.436968e-06,5.023973e-12
1.133048e-02,7.185307e-06,4.694778e-10
2.970474e-03,1.256432e-06,1.569600e-12
1.743427e-02,3.923716e-05,1.076248e-08
9.734071e-02,7.277204e-05,7.400635e-09
1.307967e-01,4.838295e-03,3.641608e-05
5.593541e-03,1.386198e-06,2.969285e-12
2.127754e-03,9.931619e-07,4.046374e-12
1.097458e-01,4.302951e-04,2.239372e-07
1.617670e-03,2.964959e-07,2.243240e-12
7.990293e-03,3.523404e-06,1.609359e-11
6.344960e-02,5.186672e-06,4.739047e-11
1.008729e-02,5.672313e-07,6.252030e-13
8.917450e-04,4.817827e-08,3.487121e-15
5.510228e-02,4.048754e-06,5.020031e-11
1.142132e-03,3.241233e-07,2.798885e-12
5.677921e-04,3.755282e-08,1.941530e-15
2.138651e-01,3.154101e-05,6.783892e-10
8.081100e-02,3.921926e-05,1.393845e-09
5.185256e-03,1.186723e-06,1.387823e-11
1.417658e-02,2.888123e-05,2.536705e-09
2.401740e-02,5.528304e-05,1.616043e-08
1.960003e-03,1.987859e-07,4.145781e-14
5.779058e-03,8.982132e-07,1.104327e-11
8.011228e-02,7.728058e-04,1.126382e-06
4.452428e-03,1.161178e-06,3.535434e-11
3.881932e-02,1.009747e-05,3.522077e-10
1.930804e-01,2.054585e-05,4.078996e-10
3.614091e-02,1.169489e-05,2.724407e-10
1.294881e-01,7.261563e-06,5.483459e-11
3.117388e-02,8.373027e-06,1.234111e-10
1.725122e-02,1.191574e-06,1.384752e-12
7.101076e-03,1.291975e-05,1.159125e-09
3.493201e-02,8.194417e-05,6.299472e-09
6.548685e-03,5.883783e-07,5.415722e-13
1.391942e-01,9.964362e-06,9.791709e-11
5.817037e-03,5.203235e-07,1.554294e-12
5.429002e-04,7.358265e-08,5.416102e-15
2.452856e-03,6.546405e-07,5.947710e-13
2.509856e-02,9.630330e-05,6.495962e-08
1.920225e-01,5.732451e-03,4.225871e-05
1.103036e-03,1.970967e-07,6.073234e-14
2.154020e-01,6.718058e-05,4.904072e-09
9.932080e-04,7.978092e-08,7.795732e-15
1.370871e-01,3.877339e-03,1.423794e-05
4.828432e-03,5.520937e-07,3.041060e-13
1.212711e-03,1.838516e-07,1.165816e-12
2.081011e-01,1.104838e-03,1.451664e-06
2.068491e-03,1.832674e-07,1.217386e-13
2.326990e-01,1.161724e-02,1.103338e-04
3.622565e-02,1.738228e-04,7.144056e-08
5.116938e-02,5.876571e-04,1.392932e-06
4.045851e-03,4.866242e-07,7.366968e-13
9.602707e-03,2.954775e-06,1.046693e-11
5.697318e-02,2.141228e-04,4.527549e-08
3.686405e-03,4.061181e-07,1.077260e-12
1.937917e-02,8.468850e-06,7.006484e-11
3.120913e-02,7.470102e-06,1.147804e-10
7.334995e-04,3.820793e-08,1.101190e-14
1.533070e-01,6.358775e-03,4.470166e-05
2.001403e-01,1.929745e-03,2.739322e-06
1.189590e-02,1.963884e-05,6.125442e-10
4.024779e-02,3.270307e-04,9.981973e-08
3.245617e-04,1.315031e-08,2.022150e-16
3.716501e-02,1.662269e-04,1.561420e-07
4.515925e-02,2.137206e-05,7.551536e-10
4.550043e-03,6.330915e-07,3.980495e-13
7.646295e-04,1.411535e-07,3.201778e-13
8.602060e-03,1.334926e-06,1.752111e-12
2.749158e-03,9.034220e-07,1.103113e-11
7.698891e-02,2.068462e-05,9.225311e-10
2.113264e-01,7.193800e-04,5.631612e-07
1.820266e-03,3.883754e-07,3.137751e-13
1.271672e-01,3.141255e-05,1.132770e-09
1.985110e-01,4.500196e-04,2.346431e-07
1.082691e-01,5.664493e-05,4.143604e-09
1.440948e-02,1.077775e-06,1.296828e-12
2.093081e-03,1.696383e-07,3.428392e-14
1.072011e-01,2.122110e-05,7.903857e-10
7.898731e-03,1.129798e-05,1.088789e-09
9.489422e-03,6.350886e-06,1.283192e-10
4.795116e-03,4.059325e-06,7.474790e-11
1.117034e-01,7.648323e-04,4.855906e-07
5.176031e-02,5.231299e-04,3.875194e-07
1.322492e-04,4.166601e-09,1.767642e-17
4.902359e-02,6.319218e-04,1.803466e-06
5.279296e-02,6.173723e-04,8.764379e-07
3.378382e-02,2.299856e-05,2.179217e-09
6.332426e-03,3.533389e-07,5.414639e-13
3.097780e-02,1.355890e-04,7.629946e-08
9.207965e-03,3.428733e-06,1.699843e-11
3.448523e-02,1.186854e-04,2.026440e-08
1.308530e-01,4.196295e-03,1.573694e-05
3.521250e-04,2.238293e-08,6.153134e-16
6.898624e-03,9.652503e-06,9.775077e-11
1.107111e-02,1.286987e-05,3.650817e-10
1.689308e-03,9.007723e-08,4.079569e-14
2.660831e-03,1.728719e-06,4.436746e-12
6.222321e-02,7.567904e-04,1.495425e-06
9.228296e-02,6.222919e-04,9.539067e-07
3.291389e-02,1.892968e-05,3.639517e-10
4.167491e-04,2.954844e-08,1.182909e-15
1.291559e-01,1.572651e-03,3.002696e-06
7.255689e-03,4.110439e-06,2.661357e-11
1.398226e-03,3.836874e-07,6.539798e-13
1.152473e-04,3.287042e-09,1.145163e-17
5.328408e-02,6.459083e-06,5.482910e-11
4.566239e-02,5.178456e-04,2.459592e-07
6.670539e-02,1.048265e-03,1.015225e-06
6.577132e-02,9.815661e-04,1.077896e-06
4.589796e-02,2.565844e-04,3.016797e-07
1.256889e-03,3.019443e-07,1.542063e-12
4.859021e-02,5.876059e-04,9.638791e-07
4.244035e-02,4.745657e-06,7.860388e-11
8.245358e-04,1.164451e-07,1.374797e-13
1.507629e-02,2.021217e-05,4.542379e-10
2.575090e-03,4.894298e-07,2.663674e-13
3.760562e-02,3.519894e-04,1.887203e-07
6.017299e-02,7.390760e-05,1.974235e-08
1.493450e-01,1.174496e-04,1.409283e-08
1.699658e-03,9.405433e-08,8.861149e-15
2.156573e-02,3.336058e-06,1.232366e-11
3.282241e-02,2.383870e-04,5.395583e-08
1.234398e-02,1.786128e-05,3.533065e-09
7.695713e-04,6.455619e-08,1.117832e-14
7.339717e-03,2.127387e-06,4.504249e-12
5.156169e-04,4.969237e-08,1.803973e-14
3.841762e-04,3.629674e-08,1.926445e-15
1.838709e-02,2.538518e-06,7.746345e-12
2.355764e-02,2.149205e-06,6.492977e-12
5.109112e-02,1.206117e-04,3.578632e-08
7.130032e-02,1.188610e-05,2.533625e-10
9.935771e-02,1.038929e-04,2.153686e-08
1.354729e-02,1.116098e-06,1.479991e-11
1.913949e-01,1.052108e-04,7.881875e-09
5.574770e-04,7.783991e-08,9.234914e-14
1.393186e-02,2.940578e-05,1.083358e-09
1.041693e-03,1.495614e-07,6.715990e-14
9.397001e-02,2.033016e-03,7.721515e-06
1.748203e-01,2.541288e-04,9.088235e-08
9.569382e-02,1.186815e-05,1.372112e-10
4.606511e-04,4.692301e-08,6.453943e-14
9.228892e-03,5.321301e-06,3.110088e-10
1.930219e-03,9.034105e-08,1.315730e-14
4.888067e-03,4.294896e-06,2.508415e-10
1.564540e-01,8.787968e-05,1.182323e-08
5.885372e-02,1.267542e-04,1.469292e-08
1.648500e-01,1.478538e-04,2.218832e-08
1.911747e-02,1.036270e-06,1.101773e-12
1.426474e-02,3.621522e-06,1.533037e-10
1.976211e-01,1.552676e-03,1.731020e-06
5.637977e-02,3.711148e-05,5.113407e-09
1.521229e-01,1.976185e-04,6.081070e-08
3.155529e-02,1.179290e-04,2.861027e-08
1.255426e-03,1.936721e-07,3.879830e-14
1.200034e-01,1.331036e-04,1.470174e-08
5.928249e-03,6.747048e-07,4.498330e-13
5.053380e-02,2.947980e-04,8.806418e-08
2.740004e-02,2.828953e-06,8.749715e-12
4.342351e-02,1.455860e-04,1.950880e-08
1.823108e-03,7.267634e-07,1.117547e-11
1.410762e-02,3.051871e-05,5.408468e-09
4.941771e-02,1.273249e-05,1.596559e-10
2.084811e-01,6.895223e-03,3.490083e-05
1.643661e-02,1.127590e-05,6.204352e-10
2.595512e-02,8.119843e-05,1.797291e-08
6.331582e-02,1.004988e-03,2.368390e-06
1.907765e-02,8.183003e-06,1.253138e-10
1.425175e-02,4.803304e-06,2.590461e-11
4.417511e-02,3.111156e-05,2.574527e-09
1.540562e-02,8.014513e-06,1.372935e-10
1.892389e-01,1.426710e-03,2.293114e-06
1.948147e-02,3.336836e-06,1.498757e-11
2.437076e-02,1.322168e-05,1.936827e-10
2.579976e-02,7.664543e-06,1.487580e-10
9.807764e-04,1.828363e-07,7.902596e-14
1.057619e-01,2.820990e-03,7.212463e-06
7.271591e-02,1.115950e-03,1.487818e-06
3.210415e-02,2.024644e-05,5.914760e-10
4.392167e-02,6.826463e-05,5.481429e-09
5.524335e-02,2.164555e-04,6.678415e-08
1.340050e-01,2.835442e-04,1.251691e-07
5.773328e-02,8.135511e-04,6.418572e-07
5.211151e-02,3.930296e-04,1.763668e-07
2.444751e-03,1.271890e-07,7.486424e-14
1.634227e-02,1.061901e-06,2.220475e-12
6.203798e-02,5.905592e-05,4.151069e-09
1.189568e-01,6.470970e-04,7.223905e-07
2.052525e-02,1.633882e-06,3.748370e-12
3.454025e-02,1.869062e-06,7.283570e-12
1.750308e-01,2.367869e-04,7.040511e-08
1.695184e-01,4.287120e-04,2.660717e-07
2.694656e-03,1.369863e-06,1.899016e-11
1.017246e-02,7.617657e-06,2.046131e-10
4.594290e-03,3.418027e-07,3.867936e-12
2.814756e-03,1.997579e-07,6.952430e-14
5.784743e-03,8.227586e-06,6.947876e-11
1.636718e-02,1.521107e-06,1.872990e-11
1.518871e-04,5.325566e-09,2.860643e-17
8.646799e-02,2.395829e-05,5.561406e-10
1.754689e-01,1.980435e-03,4.423851e-06
2.071349e-04,1.041855e-08,1.142354e-14
1.667687e-04,6.958046e-09,1.021096e-15
4.977237e-02,4.561348e-05,4.377885e-09
7.374860e-03,1.503162e-06,1.337411e-11
8.456501e-04,7.410126e-08,3.330729e-14
3.985253e-02,4.092048e-05,5.186535e-09
1.158829e-01,1.641577e-05,2.418508e-10
1.804052e-02,1.707604e-05,2.757890e-09
1.167394e-02,5.144613e-06,1.120585e-10
3.199878e-03,7.507504e-07,1.480413e-12
1.547551e-02,9.771582e-07,6.512485e-12
5.050637e-02,6.941860e-04,2.032589e-06
2.272920e-01,1.353333e-02,1.322522e-04
1.285052e-03,1.147302e-07,7.216653e-14
1.005689e-02,1.580406e-05,1.825157e-09
3.347946e-02,1.645098e-04,1.008431e-07
4.994588e-02,9.640374e-06,2.966999e-10
8.825248e-03,1.886379e-05,4.700886e-10
8.614949e-03,1.006682e-05,3.010334e-10
4.785993e-02,2.635045e-04,2.987078e-07
5.571219e-03,2.041187e-06,5.417970e-12
1.657831e-01,1.716230e-05,3.360369e-10
1.911592e-02,4.955372e-05,1.686374e-08
6.206680e-03,4.260379e-06,3.039631e-11
3.529302e-02,5.609194e-05,3.243866e-09
2.627855e-02,4.827474e-05,1.505132e-08
3.929708e-02,1.210396e-04,3.513388e-08
1.527238e-01,8.258127e-04,5.305774e-07
4.562249e-02,4.520473e-04,2.895031e-07
1.477422e-02,4.470553e-05,7.288267e-09
1.477422e-02,4.470553e-05,7.288267e-09
